{"stats":{"minecraft:used":{"minecraft:wooden_axe":22,"minecraft:crafting_table":1},"minecraft:crafted":{"minecraft:crafting_table":1,"minecraft:spruce_planks":32,"minecraft:stick":16,"minecraft:wooden_axe":1},"minecraft:picked_up":{"minecraft:crafting_table":1,"minecraft:spruce_sapling":3,"minecraft:spruce_log":29},"minecraft:custom":{"minecraft:jump":30,"minecraft:time_since_rest":4054,"minecraft:leave_game":1,"minecraft:sprint_one_cm":6566,"minecraft:play_time":4054,"minecraft:time_since_death":4054,"minecraft:walk_one_cm":6354,"minecraft:sneak_time":8,"minecraft:total_world_time":4054,"minecraft:interact_with_crafting_table":1,"minecraft:fly_one_cm":4198},"minecraft:mined":{"minecraft:spruce_leaves":2,"minecraft:spruce_log":28,"minecraft:crafting_table":1}},"DataVersion":3465}